{"cameraMode":{"drawMode":0,"name":"Shaded","section":"Shading Mode"},"sceneLighting":true,"audioPlay":false,"sceneViewState":{"m_AlwaysRefresh":false,"showFog":true,"showSkybox":true,"showFlares":true,"showImageEffects":true,"showParticleSystems":true,"showVisualEffectGraphs":true,"m_FxEnabled":true},"in2DMode":false,"pivot":{"x":-8.348816871643067,"y":8.601786613464356,"z":-10.102256774902344},"rotation":{"x":-0.01709003560245037,"y":-0.03598671033978462,"z":-0.0006158588221296668,"w":0.9992082118988037},"size":11.925186157226563,"orthographic":false}