{"cameraMode":{"drawMode":0,"name":"Shaded","section":"Shading Mode"},"sceneLighting":false,"audioPlay":false,"sceneViewState":{"m_AlwaysRefresh":false,"showFog":true,"showSkybox":false,"showFlares":true,"showImageEffects":true,"showParticleSystems":true,"showVisualEffectGraphs":true,"m_FxEnabled":true},"in2DMode":false,"pivot":{"x":7.849318027496338,"y":-0.7169739007949829,"z":13.120017051696778},"rotation":{"x":-0.03160395845770836,"y":0.21918527781963349,"z":-0.007106570061296225,"w":-0.975165069103241},"size":10.955716133117676,"orthographic":false}